{"cameraMode":{"drawMode":0,"name":"Shaded","section":"Shading Mode"},"sceneLighting":true,"audioPlay":false,"sceneViewState":{"showFog":true,"showMaterialUpdate":false,"showSkybox":true,"showFlares":true,"showImageEffects":true,"showParticleSystems":true},"in2DMode":false,"pivot":{"x":1251.669189453125,"y":748.9151611328125,"z":-729.26953125},"rotation":{"x":-0.053670886904001239,"y":-0.009877195581793785,"z":0.0005316425813362002,"w":-0.9985097050666809},"size":1366.391845703125,"orthographic":true}